Query_ID	Target_ID	Optimal_offset	p-value	E-value	q-value	Overlap	Query_consensus	Target_consensus	Orientation	TF name in JASPAR
AGCCCSC	MA1599.1	7	0.000259546	0.193621	0.260745	7	AGCCCCC	CGGGCCAAGCCCCTAT	+	ZNF682
AGCCCSC	MA1102.2	1	0.000351308	0.262076	0.260745	7	AGCCCCC	GCGCCCCCTGCT	-	CTCFL
AGCCCSC	MA0735.1	2	0.000535921	0.399797	0.265178	7	AGCCCCC	AGACCCCCCACGAAGC	+	GLIS1
AGCCCSC	MA0737.1	1	0.000921153	0.68718	0.341845	7	AGCCCCC	GACCCCCCACGAAG	+	GLIS3
AGCCCSC	MA0736.1	1	0.00184499	1.37636	0.446875	7	AGCCCCC	GACCCCCCGCGAAG	+	GLIS2
AGCCCSC	MA0155.1	0	0.00195165	1.45593	0.446875	7	AGCCCCC	CGCCCCCTGACA	-	INSM1
AGCCCSC	MA1513.1	4	0.00294433	2.19647	0.446875	7	AGCCCCC	GCCCCGCCCCC	+	KLF15
AGCCCSC	MA1548.1	2	0.00329647	2.45917	0.446875	7	AGCCCCC	TGGGCCCCCT	+	PLAGL2
AGCCCSC	MA0753.2	1	0.00333351	2.4868	0.446875	7	AGCCCCC	CCGCCCCCCCCAC	+	ZNF740
AGCCCSC	MA0685.1	7	0.0037311	2.7834	0.446875	7	AGCCCCC	TAAGCCACGCCCCCTTT	+	SP4
AGCCCSC	MA1578.1	-1	0.00397648	2.96645	0.446875	6	AGCCCCC	CCCCCCACTT	+	VEZF1
AGCCCSC	MA0741.1	4	0.00403395	3.00933	0.446875	7	AGCCCCC	GCCACGCCCCC	+	KLF16
AGCCCSC	MA1584.1	2	0.00412725	3.07893	0.446875	7	AGCCCCC	CGACCCCCCGCTGTGC	+	ZIC5
AGCCCSC	MA1596.1	5	0.00468722	3.49667	0.446875	7	AGCCCCC	GCCTCAGCCTCCCGAG	+	ZNF460
AGCCCSC	MA0740.1	5	0.00487061	3.63347	0.446875	7	AGCCCCC	GGCCACGCCCCCTT	+	KLF14
AGCCCSC	MA0079.4	7	0.00511774	3.81783	0.446875	7	AGCCCCC	TAAGCCACGCCCACT	+	SP1
AGCCCSC	MA0732.1	3	0.00511774	3.81783	0.446875	7	AGCCCCC	CTACGCCCACGCACT	+	EGR3
