Query_ID	Target_ID	Optimal_offset	p-value	E-value	q-value	Overlap	Query_consensus	Target_consensus	Orientation	TF name in JASPAR
ATATGR	MA0826.1	3	0.00013592	0.101396	0.0585509	6	ATATGA	AACATATGTT	+	OLIG1
ATATGR	MA0817.1	4	0.000188301	0.140473	0.0585509	6	ATATGA	AAACATATGTTT	+	BHLHE23
ATATGR	MA0623.2	3	0.000289387	0.215883	0.0585509	6	ATATGA	GACATATGTC	+	NEUROG1
ATATGR	MA0818.1	3	0.000289387	0.215883	0.0585509	6	ATATGA	AACATATGGT	-	BHLHE22
ATATGR	MA0678.1	3	0.000322435	0.240537	0.0585509	6	ATATGA	ACCATATGGT	-	OLIG2
ATATGR	MA0669.1	3	0.000357694	0.26684	0.0585509	6	ATATGA	AACATATGTC	+	NEUROG2
ATATGR	MA0461.2	3	0.000570276	0.425426	0.063277	6	ATATGA	AACATATGTT	+	Atoh1
ATATGR	MA0083.3	7	0.000602082	0.449153	0.063277	6	ATATGA	TGACCATATATGGTCA	-	SRF
ATATGR	MA0607.1	2	0.000658876	0.491522	0.0646295	6	ATATGA	ACATATGG	-	Bhlha15
ATATGR	MA0633.1	3	0.000792864	0.591476	0.0701045	6	ATATGA	AACATATGGT	-	Twist2
ATATGR	MA0827.1	3	0.000857631	0.639793	0.0701045	6	ATATGA	AACATATGGT	-	OLIG3
ATATGR	MA1568.1	4	0.00181294	1.35245	0.127023	6	ATATGA	CGCCATATGGTG	-	TCF21(var.2)
ATATGR	MA0668.1	3	0.00226606	1.69048	0.138924	6	ATATGA	ACCATATGGC	-	NEUROD2
ATATGR	MA1468.1	3	0.00304254	2.26974	0.165803	6	ATATGA	GACATATGTT	-	ATOH7
ATATGR	MA1570.1	3	0.00547795	4.08655	0.277932	6	ATATGA	AACATATGTT	-	TFAP4(var.2)
